name,postcode,state
Ayer Baloi,['82100'],Johor
Ayer Hitam,['86100'],Johor
Ayer Tawar 2,['81920'],Johor
Bandar Penawar,"['81930', '81960']",Johor
Bandar Tenggara,['81440'],Johor
Batu Anam,['85100'],Johor
Batu Pahat,"['83000', '83010', '83020', '83030', '83040', '83050', '86400']",Johor
Bekok,['86500'],Johor
Benut,['82200'],Johor
Bukit Gambir,['84800'],Johor
Bukit Pasir,['84300'],Johor
Chaah,['85400'],Johor
Endau,"['86900', '86999']",Johor
Gelang Patah,"['81550', '81560']",Johor
Gerisek,"['84700', '84710']",Johor
Gugusan Taib Andak,['81450'],Johor
Jementah,"['85200', '85210']",Johor
Johor Bahru,"['80000', '80050', '80100', '80110', '80150', '80200', '80250', '80300', '80350', '80400', '80500', '80502', '80503', '80504', '80505', '80506', '80508', '80514', '80516', '80517', '80518', '80519', '80520', '80529', '80530', '80532', '80534', '80536', '80538', '80540', '80542', '80546', '80548', '80550', '80552', '80558', '80560', '80564', '80568', '80570', '80576', '80578', '80584', '80586', '80590', '80592', '80594', '80596', '80600', '80604', '80606', '80608', '80610', '80612', '80620', '80622', '80626', '80628', '80630', '80632', '80644', '80646', '80648', '80658', '80660', '80662', '80664', '80668', '80670', '80672', '80673', '80676', '80700', '80710', '80720', '80730', '80750', '80800', '80900', '80902', '80904', '80906', '80908', '80988', '80990', '81100', '81110', '81120', '81200', '81250', '81300', '81310']",Johor
Kahang,['86700'],Johor
Kluang,"['86000', '86007']",Johor
Kota Tinggi,"['81900', '81907', '81910']",Johor
Kukup,['82300'],Johor
Kulai,"['81000', '81010', '81020', '81030', '81040', '81050']",Johor
Labis,['85300'],Johor
Layang-Layang,['81850'],Johor
Masai,"['81750', '81760']",Johor
Mersing,"['86800', '86810']",Johor
Muar,"['84000', '84007', '84010', '84020', '84030', '84040', '84050', '84100', '84200', '84300', '84410']",Johor
Nusajaya,"['79000', '79100', '79150', '79200', '79250', '79502', '79503', '79504', '79505', '79511', '79513', '79514', '79517', '79518', '79520', '79521', '79523', '79532', '79538', '79540', '79546', '79548', '79550', '79552', '79555', '79570', '79575', '79576', '79592', '79601', '79603', '79605', '79606', '79612', '79626', '79630', '79632', '79646', '79658', '79660', '79680', '79681', '79683']",Johor
Pagoh,['84600'],Johor
Paloh,['86600'],Johor
Panchor,['84500'],Johor
Parit Jawa,"['84150', '84160']",Johor
Parit Raja,['86400'],Johor
Parit Sulong,['83500'],Johor
Pasir Gudang,['81700'],Johor
Pekan Nenas,"['71590', '81500']",Johor
Pengerang,"['81600', '81620', '81650']",Johor
Pontian,"['82000', '82010', '82020', '82030']",Johor
Rengam,['86300'],Johor
Rengit,['83100'],Johor
Segamat,"['85000', '85010', '85020', '85030', '85060', '85070', '85080']",Johor
Semerah,"['83600', '83610']",Johor
Senai,"['81400', '81410']",Johor
Senggarang,['83200'],Johor
Seri Gading,['83300'],Johor
Seri Medan,['83400'],Johor
Simpang Rengam,['86200'],Johor
Sungai Mati,"['84400', '84409']",Johor
Tangkak,"['84900', '84990']",Johor
Tioman,['86800'],Johor
Ulu Choh,['81150'],Johor
Ulu Tiram,"['81800', '81810']",Johor
Yong Peng,"['83700', '83710']",Johor
Alor Setar,"['05000', '05050', '05100', '05150', '05200', '05250', '05300', '05350', '05400', '05450', '05460', '05500', '05502', '05503', '05504', '05505', '05506', '05508', '05512', '05514', '05516', '05517', '05518', '05520', '05532', '05534', '05536', '05538', '05550', '05551', '05552', '05556', '05558', '05560', '05564', '05576', '05578', '05580', '05582', '05586', '05590', '05592', '05594', '05600', '05604', '05610', '05612', '05614', '05620', '05621', '05622', '05626', '05628', '05630', '05632', '05644', '05660', '05661', '05664', '05670', '05672', '05673', '05674', '05675', '05676', '05680', '05690', '05696', '05700', '05710', '05720', '05990', '06250', '06509', '06550', '06570', '06660']",Kedah
Ayer Hitam,['06150'],Kedah
Baling,['09100'],Kedah
Bandar Baharu,['34950'],Kedah
Bandar Bahru,"['14290', '14390']",Kedah
Bedong,"['08100', '08110']",Kedah
Bukit Kayu Hitam,['06050'],Kedah
Changloon,['06010'],Kedah
Gurun,"['08300', '08330', '08800']",Kedah
Jeniang,"['08320', '08700']",Kedah
Jitra,"['06000', '06007', '06009']",Kedah
Karangan,['09700'],Kedah
Kepala Batas,"['06200', '06207', '06209']",Kedah
Kodiang,['06100'],Kedah
Kota Kuala Muda,"['08500', '08507', '08509']",Kedah
Kota Sarang Semut,['06800'],Kedah
Kuala Kedah,['06600'],Kedah
Kuala Ketil,"['09300', '09310']",Kedah
Kuala Nerang,['06300'],Kedah
Kuala Pegang,['09110'],Kedah
Kulim,"['09000', '09007', '09009', '09010', '09020']",Kedah
Kupang,['09200'],Kedah
Langgar,"['06500', '06507']",Kedah
Langkawi,"['07000', '07007', '07009', '07100']",Kedah
Lunas,['09600'],Kedah
Merbok,"['08400', '08407', '08409']",Kedah
Padang Serai,"['09400', '09410']",Kedah
Pendang,"['06700', '06707', '06709', '06710', '06720', '06750', '06760']",Kedah
Pokok Sena,"['06350', '06400']",Kedah
Serdang,"['09800', '09810']",Kedah
Sik,"['08200', '08210', '08340']",Kedah
Simpang Empat,"['06650', '06680']",Kedah
Sungai Petani,"['08000', '08007', '08009', '08010', '08600']",Kedah
Yan,"['06900', '06910']",Kedah
Ayer Lanas,['17700'],Kelantan
Bachok,"['16020', '16030', '16050', '16060', '16070', '16090', '16300', '16310', '16320', '16350', '16370', '16390']",Kelantan
Cherang Ruku,['16700'],Kelantan
Dabong,['18200'],Kelantan
Gua Musang,['18300'],Kelantan
Jeli,['17600'],Kelantan
Kem Desa Pahlawan,['16500'],Kelantan
Ketereh,['16450'],Kelantan
Kota Bharu,"['15000', '15050', '15100', '15150', '15159', '15160', '15200', '15300', '15350', '15400', '15500', '15502', '15503', '15504', '15505', '15506', '15508', '15512', '15514', '15516', '15517', '15518', '15519', '15520', '15524', '15529', '15532', '15534', '15536', '15538', '15540', '15546', '15548', '15550', '15551', '15556', '15558', '15560', '15564', '15570', '15572', '15576', '15578', '15582', '15586', '15590', '15592', '15594', '15596', '15600', '15604', '15606', '15608', '15609', '15610', '15612', '15614', '15616', '15620', '15622', '15623', '15624', '15626', '15628', '15630', '15632', '15634', '15644', '15646', '15648', '15658', '15660', '15661', '15662', '15664', '15670', '15672', '15673', '15674', '15676', '15680', '15690', '15700', '15710', '15720', '15730', '15740', '15988', '15990', '16010', '16100', '16109', '16150']",Kelantan
Kuala Balah,['17610'],Kelantan
Kuala Krai,"['18000', '18020', '18050']",Kelantan
Machang,['18500'],Kelantan
Melor,['16400'],Kelantan
Pasir Mas,"['17000', '17007', '17009', '17010', '17020', '17030', '17040', '17050', '17060', '17070']",Kelantan
Pasir Puteh,['16800'],Kelantan
Pulai Chondong,['16600'],Kelantan
Rantau Panjang,['17200'],Kelantan
Selising,['16810'],Kelantan
Tanah Merah,"['17500', '17507', '17509', '17510', '17520', '17599']",Kelantan
Temangan,['18400'],Kelantan
Tumpat,"['16080', '16200', '16210']",Kelantan
Wakaf Bharu,"['16040', '16250', '16266']",Kelantan
Labuan,"['87000', '87007', '87008', '87010', '87011', '87012', '87013', '87014', '87015', '87016', '87017', '87018', '87019', '87020', '87021', '87022', '87023', '87024', '87025', '87026', '87027', '87028', '87029', '87030', '87031', '87032', '87033']",Wp Labuan
Alor Gajah,"['78000', '78009']",Melaka
Asahan,"['77100', '77109']",Melaka
Ayer Keroh,['75450'],Melaka
Bemban,['77200'],Melaka
Durian Tunggal,"['76100', '76109']",Melaka
Jasin,"['77000', '77007', '77008', '77009']",Melaka
Kem Trendak,['76200'],Melaka
Kuala Sungai Baru,['78200'],Melaka
Lubok China,['78100'],Melaka
Masjid Tanah,"['78300', '78307', '78309']",Melaka
Melaka,"['75000', '75050', '75100', '75150', '75200', '75250', '75260', '75300', '75350', '75400', '75430', '75460', '76450']",Melaka
Merlimau,['77300'],Melaka
Selandar,['77500'],Melaka
Sungai Rambai,['77400'],Melaka
Sungai Udang,['76300'],Melaka
Tanjong Kling,"['76400', '76409']",Melaka
Bahau,"['72100', '72107', '72109']",Negeri Sembilan
Bandar Baru Enstek,['71760'],Negeri Sembilan
Bandar Baru Serting,['72130'],Negeri Sembilan
Bandar Seri Jempol,"['72120', '72127', '72129']",Negeri Sembilan
Batu Kikir,"['72200', '72207', '72209']",Negeri Sembilan
Gemas,"['73400', '73409', '73410', '73420', '73480']",Negeri Sembilan
Gemencheh,"['73200', '73207', '73209', '73300', '73309']",Negeri Sembilan
Johol,"['73100', '73109']",Negeri Sembilan
Kota,"['71350', '71359']",Negeri Sembilan
Kuala Klawang,"['71600', '71609', '71650', '71659']",Negeri Sembilan
Kuala Pilah,"['72000', '72007', '72009', '72500', '72507', '72509']",Negeri Sembilan
Labu,"['71900', '71907', '71909']",Negeri Sembilan
Linggi,"['71150', '71159']",Negeri Sembilan
Mantin,"['71700', '71707', '71709', '71750', '71759']",Negeri Sembilan
Nilai,"['71800', '71807', '71809', '71850']",Negeri Sembilan
Port Dickson,"['71000', '71007', '71009', '71010', '71960', '71999']",Negeri Sembilan
Pusat  Bandar Palong,"['73430', '73440', '73450', '73460', '73470']",Negeri Sembilan
Rantau,"['71100', '71109', '71200', '71209']",Negeri Sembilan
Rembau,"['71300', '71309', '71400', '71409']",Negeri Sembilan
Rompin,"['73500', '73507', '73509']",Negeri Sembilan
Seremban,"['70000', '70100', '70200', '70300', '70400', '70450', '70500', '70502', '70503', '70504', '70505', '70506', '70508', '70512', '70516', '70517', '70518', '70532', '70534', '70536', '70540', '70546', '70548', '70550', '70551', '70558', '70560', '70564', '70570', '70572', '70576', '70578', '70582', '70586', '70590', '70592', '70594', '70596', '70600', '70604', '70606', '70608', '70609', '70610', '70620', '70626', '70628', '70632', '70634', '70644', '70646', '70648', '70658', '70664', '70670', '70672', '70673', '70674', '70676', '70690', '70700', '70710', '70720', '70730', '70740', '70750', '70990', '71450', '71459', '71770', '71950']",Negeri Sembilan
Simpang Durian,"['72400', '72409']",Negeri Sembilan
Simpang Pertang,"['72300', '72307', '72309']",Negeri Sembilan
Si Rusa,"['71050', '71059', '71250', '71259']",Negeri Sembilan
Tampin,"['73000', '73007', '73009']",Negeri Sembilan
Tanjong Ipoh,"['71500', '71509', '71550', '71559']",Negeri Sembilan
Balok,"['26080', '26100', '26150', '26190']",Pahang
Bandar Pusat  Jengka,"['26400', '26410', '26420', '26430', '26440', '26450', '26460', '26485', '26490', '27080']",Pahang
Bandar Tun Abdul Razak,"['26900', '26999']",Pahang
Benta,"['27300', '27310']",Pahang
Bentong,"['28700', '28707', '28709', '28730', '28740', '28750']",Pahang
Brinchang,['39100'],Pahang
Bukit Fraser,['49000'],Pahang
Bukit Goh,"['26050', '26090']",Pahang
Chenor,['28100'],Pahang
Chini,['26690'],Pahang
Damak,['27030'],Pahang
Dong,['27400'],Pahang
Gambang,"['26300', '26310', '26320', '26330', '26340', '26350', '26360', '26370']",Pahang
Genting Highlands,['69000'],Pahang
Jaya Gading,['26250'],Pahang
Jerantut,"['27000', '27010', '27020', '27040', '27050', '27060', '27070', '27090', '27150']",Pahang
Karak,"['28600', '28610', '28620']",Pahang
Kemayan,"['28340', '28380']",Pahang
Kuala Krau,['28050'],Pahang
Kuala Lipis,"['27200', '27207', '27209', '27210']",Pahang
Kuala Rompin,"['26800', '26810', '26820']",Pahang
Kuantan,"['25000', '25020', '25040', '25050', '25100', '25150', '25200', '25250', '25300', '25320', '25350', '25500', '25502', '25503', '25504', '25505', '25506', '25508', '25509', '25512', '25514', '25516', '25517', '25518', '25520', '25524', '25529', '25532', '25534', '25536', '25538', '25540', '25546', '25548', '25550', '25551', '25552', '25556', '25558', '25560', '25564', '25570', '25576', '25578', '25582', '25584', '25586', '25590', '25592', '25594', '25596', '25598', '25600', '25604', '25606', '25608', '25609', '25610', '25612', '25614', '25620', '25622', '25626', '25628', '25630', '25632', '25644', '25646', '25648', '25656', '25660', '25661', '25662', '25670', '25672', '25673', '25674', '25676', '25690', '25700', '25710', '25720', '25730', '25740', '25750', '25990', '26000', '26010', '26040', '26060', '26070', '26140', '26180']",Pahang
Lanchang,['28500'],Pahang
Lurah Bilut,['28800'],Pahang
Maran,['26500'],Pahang
Mentakab,"['28400', '28407', '28409']",Pahang
Muadzam Shah,['26700'],Pahang
Padang Tengku,['27100'],Pahang
Pekan,"['26600', '26607', '26609', '26610', '26620', '26630', '26640', '26650', '26660', '26680']",Pahang
Raub,"['27600', '27607', '27609', '27610', '27620', '27630', '27670']",Pahang
Ringlet,['39200'],Pahang
Sega,['27660'],Pahang
Sungai Koyan,['27650'],Pahang
Sungai Lembing,['26200'],Pahang
Sungai Ruan,['27500'],Pahang
Tanah Rata,"['39000', '39007', '39009', '39010']",Pahang
Temerloh,"['28000', '28007', '28009', '28010', '28020', '28030', '28040']",Pahang
Triang,"['28200', '28300', '28310', '28320', '28330', '28350']",Pahang
Ayer Itam,['11500'],Penang
Balik Pulau,"['11000', '11010', '11020']",Penang
Batu Ferringhi,['11100'],Penang
Batu Maung,['11960'],Penang
Bayan Lepas,"['11900', '11902', '11910', '11920', '11950']",Penang
Bukit Mertajam,"['14000', '14007', '14009', '14020']",Penang
Butterworth,"['12000', '12100', '12200', '12300', '12344', '12345', '12700', '12710', '12720', '12990', '13000', '13009', '13020', '13030', '13050', '13400', '13409', '13800']",Penang
Gelugor,['11700'],Penang
Jelutong,"['11600', '11609']",Penang
Kepala Batas,"['13200', '13210', '13220']",Penang
Kubang Semang,['14400'],Penang
Nibong Tebal,"['14300', '14310', '14320']",Penang
Penaga,"['13100', '13110']",Penang
Penang Hill,['11300'],Penang
Perai,"['13600', '13690', '13700']",Penang
Permatang Pauh,['13500'],Penang
Pulau Pinang,"['10000', '10020', '10050', '10100', '10110', '10150', '10160', '10200', '10250', '10300', '10350', '10400', '10420', '10450', '10460', '10470', '10500', '10502', '10503', '10504', '10505', '10506', '10508', '10512', '10514', '10516', '10518', '10520', '10524', '10534', '10538', '10540', '10542', '10546', '10550', '10551', '10552', '10558', '10560', '10564', '10566', '10570', '10576', '10578', '10582', '10590', '10592', '10593', '10594', '10596', '10600', '10604', '10609', '10610', '10612', '10620', '10622', '10626', '10628', '10634', '10646', '10648', '10660', '10661', '10662', '10668', '10670', '10672', '10673', '10674', '10676', '10690', '10710', '10720', '10730', '10740', '10750', '10760', '10770', '10780', '10790', '10800', '10810', '10820', '10830', '10840', '10850', '10910', '10920', '10990', '11050', '11060', '11400', '11409', '11460']",Penang
Simpang Ampat,"['14100', '14101', '14110', '14120']",Penang
Sungai Jawi,['14200'],Penang
Tanjong Bungah,['11200'],Penang
Tasek Gelugor,"['13300', '13310']",Penang
Usm Pulau Pinang,['11800'],Penang
Ayer Tawar,['32400'],Perak
Bagan Datoh,['36100'],Perak
Bagan Serai,"['34300', '34310']",Perak
Bandar Seri Iskandar,['32610'],Perak
Batu Gajah,"['31000', '31007', '31009']",Perak
Batu Kurau,"['34500', '34510', '34520']",Perak
Behrang Stesen,['35950'],Perak
Bidor,['35500'],Perak
Bota,['32600'],Perak
Bruas,['32700'],Perak
Changkat Jering,['34850'],Perak
Changkat Keruing,['32500'],Perak
Chemor,['31200'],Perak
Chenderiang,['35300'],Perak
Chenderong Balai,['36600'],Perak
Chikus,['36750'],Perak
Enggor,['33600'],Perak
Gerik,"['33300', '33310', '33320']",Perak
Gopeng,"['31600', '31610']",Perak
Hutan Melintang,['36400'],Perak
Intan,['33200'],Perak
Ipoh,"['30000', '30010', '30020', '30100', '30200', '30205', '30250', '30300', '30350', '30400', '30450', '30500', '30502', '30503', '30504', '30505', '30506', '30508', '30510', '30512', '30516', '30517', '30518', '30519', '30520', '30524', '30532', '30534', '30536', '30540', '30542', '30546', '30548', '30550', '30551', '30552', '30554', '30556', '30560', '30564', '30570', '30576', '30580', '30582', '30586', '30590', '30592', '30594', '30596', '30600', '30604', '30606', '30609', '30610', '30612', '30614', '30620', '30621', '30622', '30626', '30628', '30630', '30632', '30634', '30644', '30646', '30648', '30656', '30658', '30660', '30661', '30662', '30664', '30668', '30670', '30673', '30674', '30676', '30682', '30690', '30700', '30710', '30720', '30730', '30740', '30750', '30760', '30770', '30780', '30790', '30800', '30810', '30820', '30830', '30840', '30900', '30902', '30904', '30906', '30908', '30910', '30912', '30988', '30990', '31350', '31400', '31407', '31409', '31450', '31500', '31650', '31672']",Perak
Jeram,['31850'],Perak
Kampar,"['31900', '31907', '31909', '31910']",Perak
Kampung Gajah,"['36800', '36810']",Perak
Kampung Kepayang,['31300'],Perak
Kamunting,['34600'],Perak
Kuala Kangsar,"['33000', '33007', '33009', '33010', '33020', '33030', '33040']",Perak
Kuala Kurau,['34350'],Perak
Kuala Sepetang,['34650'],Perak
Lambor Kanan,"['32900', '32999']",Perak
Langkap,['36700'],Perak
Lenggong,"['33400', '33410', '33420']",Perak
Lumut,['32200'],Perak
Malim Nawar,['31700'],Perak
Mambang Di Awan,"['31920', '31950']",Perak
Manong,['33800'],Perak
Matang,['34750'],Perak
Padang Rengas,['33700'],Perak
Pangkor,['32300'],Perak
Pantai Remis,"['34900', '34910']",Perak
Parit,"['32800', '32810']",Perak
Parit Buntar,['34200'],Perak
Pengkalan Hulu,['33100'],Perak
Pusing,"['31550', '31560']",Perak
Rantau Panjang,"['34140', '42160']",Perak
Sauk,['33500'],Perak
Selama,"['34100', '34120', '34130']",Perak
Selekoh,"['36200', '36207', '36209']",Perak
Seri Manjong,"['32040', '32050']",Perak
Simpang,['34700'],Perak
Simpang Ampat Semanggol,['34400'],Perak
Sitiawan,"['32000', '32010', '32020']",Perak
Slim River,"['35800', '35820']",Perak
Sungai Siput,"['31050', '31100', '31120']",Perak
Sungai Sumun,"['36300', '36307', '36309']",Perak
Sungkai,['35600'],Perak
Taiping,"['34000', '34007', '34008', '34009', '34010', '34020', '34030']",Perak
Tanjong Malim,"['35900', '35907', '35909', '35910']",Perak
Tanjong Piandang,['34250'],Perak
Tanjong Rambutan,['31250'],Perak
Tanjong Tualang,['31800'],Perak
Tapah,"['35000', '35007', '35009']",Perak
Tapah Road,['35400'],Perak
Teluk Intan,"['36000', '36007', '36008', '36009', '36010', '36020', '36030', '36110']",Perak
Temoh,['35350'],Perak
Tldm Lumut,['32100'],Perak
Trolak,['35700'],Perak
Trong,['34800'],Perak
Tronoh,['31750'],Perak
Ulu Bernam,['36500'],Perak
Ulu Kinta,"['31150', '31199']",Perak
Arau,"['02600', '02607', '02609']",Perlis
Kaki Bukit,['02200'],Perlis
Kangar,"['01000', '01007', '01009', '01500', '01502', '01503', '01504', '01505', '01506', '01508', '01512', '01514', '01516', '01517', '01518', '01524', '01529', '01532', '01538', '01540', '01546', '01550', '01551', '01556', '01560', '01564', '01570', '01572', '01576', '01578', '01582', '01586', '01590', '01592', '01594', '01596', '01598', '01600', '01604', '01606', '01608', '01609', '01610', '01612', '01614', '01620', '01622', '01626', '01628', '01630', '01632', '01634', '01644', '01646', '01648', '01660', '01664', '01670', '01672', '01673', '01674', '01676', '01680', '01694', '02400', '02450', '02500']",Perlis
Kuala Perlis,['02000'],Perlis
Padang Besar,['02100'],Perlis
Simpang Ampat,"['02700', '02707', '02709', '02800']",Perlis
Putrajaya,"['62000', '62007', '62050', '62052', '62100', '62150', '62200', '62250', '62300', '62500', '62502', '62503', '62504', '62505', '62506', '62510', '62512', '62514', '62516', '62517', '62518', '62519', '62520', '62522', '62524', '62526', '62527', '62529', '62530', '62532', '62536', '62539', '62540', '62542', '62546', '62550', '62551', '62570', '62574', '62576', '62578', '62582', '62584', '62590', '62592', '62594', '62596', '62602', '62604', '62605', '62606', '62616', '62618', '62620', '62623', '62624', '62628', '62630', '62632', '62648', '62652', '62654', '62657', '62662', '62668', '62670', '62674', '62675', '62676', '62677', '62686', '62690', '62692', '62988']",Wp Putrajaya
Beaufort,"['89800', '89807', '89808', '89809']",Sabah
Beluran,"['90100', '90107', '90109']",Sabah
Beverly,"['88700', '89260']",Sabah
Bongawan,"['89700', '89707', '89708', '89709']",Sabah
Inanam,['88857'],Sabah
Keningau,"['89000', '89007', '89008', '89009']",Sabah
Kota Belud,"['89150', '89157', '89158', '89159']",Sabah
Kota Kinabalu,"['88000', '88100', '88110', '88150', '88200', '88220', '88300', '88400', '88450', '88458', '88460', '88500', '88502', '88504', '88505', '88506', '88508', '88510', '88512', '88514', '88516', '88518', '88520', '88526', '88527', '88532', '88534', '88538', '88540', '88546', '88550', '88551', '88552', '88554', '88556', '88558', '88560', '88562', '88564', '88566', '88568', '88570', '88572', '88576', '88580', '88582', '88586', '88590', '88592', '88594', '88596', '88598', '88600', '88602', '88604', '88606', '88608', '88609', '88610', '88612', '88614', '88617', '88618', '88620', '88621', '88622', '88624', '88626', '88628', '88630', '88632', '88634', '88644', '88646', '88648', '88656', '88658', '88660', '88661', '88662', '88670', '88672', '88673', '88675', '88676', '88680', '88690', '88740', '88757', '88758', '88759', '88760', '88761', '88762', '88763', '88764', '88765', '88766', '88767', '88768', '88769', '88770', '88771', '88772', '88773', '88774', '88775', '88776', '88777', '88778', '88779', '88780', '88781', '88782', '88783', '88784', '88785', '88786', '88787', '88788', '88789', '88790', '88800', '88801', '88802', '88803', '88804', '88805', '88806', '88807', '88808', '88809', '88810', '88811', '88812', '88813', '88814', '88815', '88816', '88817', '88818', '88819', '88820', '88821', '88822', '88823', '88824', '88825', '88826', '88827', '88828', '88829', '88830', '88831', '88832', '88833', '88834', '88835', '88836', '88837', '88838', '88839', '88840', '88841', '88842', '88843', '88844', '88845', '88846', '88847', '88848', '88849', '88850', '88851', '88852', '88853', '88854', '88855', '88860', '88861', '88862', '88863', '88865', '88866', '88867', '88868', '88869', '88870', '88871', '88872', '88873', '88874', '88875', '88900', '88901', '88902', '88903', '88904', '88905', '88906', '88988', '88990', '88991', '88992', '88993', '88994', '88995', '88996', '88997', '88998', '88999']",Sabah
Kota Kinabatangan,['90200'],Sabah
Kota Marudu,"['89100', '89107', '89108', '89109']",Sabah
Kuala Penyu,"['89740', '89747', '89748', '89749']",Sabah
Kudat,"['89050', '89057', '89058', '89059']",Sabah
Kunak,"['91200', '91207', '91209']",Sabah
Lahad Datu,"['91100', '91108', '91109', '91110', '91111', '91112', '91113', '91114', '91115', '91116', '91117', '91118', '91119', '91120', '91121', '91122', '91123', '91124', '91125', '91126', '91127', '91128', '91150']",Sabah
Likas,['88856'],Sabah
Membakut,"['89720', '89727', '89728', '89729']",Sabah
Menumbok,"['89760', '89767', '89768', '89769']",Sabah
Nabawan,"['89950', '89957', '89958', '89959']",Sabah
Pamol,['90400'],Sabah
Papar,"['89600', '89607', '89608', '89609']",Sabah
Penampang,"['89500', '89507', '89508', '89509']",Sabah
Putatan,"['88721', '88722', '88723', '88724', '88725']",Sabah
Ranau,"['89300', '89307', '89308', '89309', '89320', '89350', '89357']",Sabah
Sandakan,"['90000', '90008', '90009', '90300', '90307', '90700', '90701', '90702', '90703', '90704', '90705', '90706', '90707', '90708', '90709', '90711', '90712', '90713', '90714', '90715', '90716', '90717', '90718', '90719', '90720', '90721', '90722', '90723', '90724', '90725', '90726', '90727', '90728', '90729', '90730', '90731', '90732', '90733', '90734', '90735', '90736', '90737', '90738', '90739', '90740', '90741']",Sabah
Semporna,"['91300', '91307', '91308', '91309']",Sabah
Sipitang,"['89850', '89857', '89858', '89859']",Sabah
Tambunan,"['89650', '89657', '89658', '89659']",Sabah
Tamparuli,"['89250', '89257', '89258', '89259']",Sabah
Tanjung Aru,['88858'],Sabah
Tawau,"['91000', '91007', '91008', '91009', '91010', '91011', '91012', '91013', '91014', '91015', '91016', '91017', '91018', '91019', '91020', '91021', '91022', '91023', '91024', '91025', '91026', '91027', '91028', '91029', '91030', '91031', '91032', '91033', '91034', '91035', '91045', '91056']",Sabah
Tenom,"['89900', '89907', '89908', '89909']",Sabah
Tuaran,"['89200', '89207', '89208', '89209']",Sabah
Asajaya,['94600'],Sarawak
Balingian,['96350'],Sarawak
Baram,"['98050', '98057', '98058', '98059']",Sarawak
Bau,"['94000', '94007', '94009']",Sarawak
Bekenu,"['98150', '98157', '98159']",Sarawak
Belaga,"['96900', '96950', '96999']",Sarawak
Belawai,['96150'],Sarawak
Betong,"['95700', '95707', '95709']",Sarawak
Bintangor,"['96500', '96507', '96508', '96509', '96510']",Sarawak
Bintulu,"['97000', '97004', '97007', '97008', '97009', '97010', '97011', '97012', '97013', '97014', '97015', '97300']",Sarawak
Dalat,"['96300', '96307', '96309']",Sarawak
Daro,['96200'],Sarawak
Debak,['95500'],Sarawak
Engkilili,['95800'],Sarawak
Julau,['96600'],Sarawak
Kabong,['94650'],Sarawak
Kanowit,"['96700', '96707', '96709']",Sarawak
Kapit,"['96800', '96807', '96809']",Sarawak
Kota Samarahan,['94300'],Sarawak
Kuching,"['93000', '93010', '93030', '93050', '93100', '93150', '93200', '93250', '93300', '93350', '93400', '93450', '93500', '93502', '93503', '93504', '93505', '93506', '93507', '93508', '93514', '93516', '93517', '93518', '93519', '93520', '93527', '93529', '93532', '93540', '93550', '93551', '93552', '93554', '93556', '93558', '93560', '93564', '93566', '93570', '93572', '93576', '93578', '93582', '93586', '93590', '93592', '93594', '93596', '93600', '93604', '93606', '93608', '93609', '93610', '93612', '93614', '93618', '93619', '93620', '93626', '93628', '93632', '93634', '93648', '93658', '93660', '93661', '93662', '93668', '93670', '93672', '93677', '93690', '93694', '93700', '93702', '93704', '93706', '93708', '93710', '93712', '93714', '93716', '93718', '93720', '93722', '93724', '93726', '93728', '93730', '93732', '93734', '93736', '93738', '93740', '93742', '93744', '93746', '93748', '93750', '93752', '93754', '93756', '93758', '93760', '93762', '93764', '93900', '93902', '93904', '93906', '93908', '93910', '93912', '93914', '93916', '93990']",Sarawak
Lawas,"['98850', '98857', '98859']",Sarawak
Limbang,"['98700', '98707', '98708', '98709']",Sarawak
Lingga,['94900'],Sarawak
Long Lama,['98300'],Sarawak
Lubok Antu,['95900'],Sarawak
Lundu,"['94500', '94507', '94509']",Sarawak
Lutong,"['98100', '98107', '98109']",Sarawak
Matu,['96250'],Sarawak
Miri,"['98000', '98007', '98008', '98009']",Sarawak
Mukah,"['96400', '96410']",Sarawak
Nanga Medamit,['98750'],Sarawak
Niah,['98200'],Sarawak
Pusa,['94950'],Sarawak
Roban,['95300'],Sarawak
Saratok,"['95400', '95407', '95409']",Sarawak
Sarikei,"['96100', '96107', '96108', '96109']",Sarawak
Sebauh,['97100'],Sarawak
Sebuyau,['94850'],Sarawak
Serian,"['94700', '94707', '94709', '94750', '94760']",Sarawak
Sibu,"['96000', '96007', '96008', '96009']",Sarawak
Siburan,['94200'],Sarawak
Simunjan,"['94800', '94807', '94809']",Sarawak
Song,['96850'],Sarawak
Spaoh,['95600'],Sarawak
Sri Aman,"['95000', '95007', '95008', '95009']",Sarawak
Sundar,['98800'],Sarawak
Tatau,['97200'],Sarawak
Ampang,['68000'],Selangor
Bandar Baru Bangi,['43650'],Selangor
Bandar Puncak Alam,['42300'],Selangor
Bangi,['43600'],Selangor
Banting,['42700'],Selangor
Batang Berjuntai,"['45600', '45607', '45609', '45620', '45630']",Selangor
Batang Kali,"['44300', '44309', '44330']",Selangor
Batu Caves,['68100'],Selangor
Beranang,"['43700', '43701']",Selangor
Bukit Rotan,['45700'],Selangor
Cheras,"['43200', '43207']",Selangor
Cyberjaya,"['63000', '63100', '63200', '63300']",Selangor
Dengkil,"['43800', '43807']",Selangor
Hulu Langat,['43100'],Selangor
Jenjarom,"['42600', '42610', '42619']",Selangor
Jeram,['45800'],Selangor
Kajang,"['43000', '43007', '43009', '43558']",Selangor
Kapar,"['42200', '42209']",Selangor
Kerling,['44100'],Selangor
Klang,"['41000', '41050', '41070', '41100', '41150', '41160', '41200', '41205', '41250', '41299', '41300', '41301', '41400', '41500', '41506', '41560', '41586', '41600', '41670', '41672', '41700', '41710', '41720', '41730', '41750', '41780', '41900', '41902', '41904', '41906', '41908', '41910', '41912', '41914', '41916', '41918', '41990', '42100', '42150']",Selangor
Klia,['64000'],Selangor
Kuala Kubu Baru,"['44000', '44010', '44020', '44110']",Selangor
Kuala Selangor,"['45000', '45010']",Selangor
Pelabuhan Klang,"['42000', '42007', '42008', '42009']",Selangor
Petaling Jaya,"['46000', '46040', '46050', '46080', '46100', '46150', '46160', '46200', '46300', '46350', '46400', '46460', '46500', '46505', '46506', '46510', '46547', '46549', '46551', '46564', '46582', '46598', '46662', '46667', '46668', '46672', '46675', '46692', '46700', '46710', '46720', '46730', '46740', '46750', '46760', '46770', '46780', '46781', '46782', '46783', '46784', '46785', '46786', '46787', '46788', '46789', '46790', '46791', '46792', '46793', '46794', '46795', '46796', '46797', '46798', '46799', '46800', '46801', '46802', '46803', '46804', '46805', '46806', '46860', '46870', '46960', '46962', '46964', '46966', '46968', '46970', '46972', '46974', '46976', '46978', '46990', '47300', '47301', '47304', '47307', '47308', '47309', '47310', '47400', '47410', '47430', '47800', '47801', '47810', '47820', '47829', '47830', '47850']",Selangor
Puchong,"['47100', '47110', '47120', '47130', '47140', '47150', '47160', '47170', '47180', '47190']",Selangor
Pulau Carey,"['42960', '42999']",Selangor
Pulau Indah,"['42900', '42907', '42920']",Selangor
Pulau Ketam,['42940'],Selangor
Rasa,['44200'],Selangor
Rawang,"['48000', '48009', '48010', '48020', '48050', '48100', '48300', '48302']",Selangor
Sabak Bernam,"['45200', '45207', '45209']",Selangor
Sekinchan,['45400'],Selangor
Semenyih,['43500'],Selangor
Sepang,['43900'],Selangor
Serdang,['43400'],Selangor
Serendah,"['48200', '48250']",Selangor
Seri Kembangan,"['43300', '43399']",Selangor
Shah Alam,"['40000', '40100', '40140', '40150', '40160', '40169', '40170', '40179', '40200', '40250', '40300', '40350', '40400', '40409', '40410', '40440', '40450', '40460', '40470', '40490', '40500', '40502', '40503', '40505', '40512', '40517', '40520', '40529', '40542', '40548', '40550', '40551', '40560', '40564', '40570', '40572', '40576', '40578', '40582', '40590', '40592', '40594', '40596', '40598', '40600', '40604', '40607', '40608', '40610', '40612', '40620', '40622', '40626', '40630', '40632', '40646', '40648', '40650', '40660', '40664', '40670', '40672', '40673', '40674', '40675', '40676', '40680', '40690', '40700', '40702', '40704', '40706', '40708', '40710', '40712', '40714', '40716', '40718', '40720', '40722', '40724', '40726', '40728', '40730', '40732', '40800', '40802', '40804', '40806', '40808', '40810', '40900', '40912', '40915', '40990', '42450']",Selangor
Subang Airport,"['47200', '47210']",Selangor
Subang Jaya,"['47500', '47507', '47510', '47600', '47601', '47610', '47618', '47620', '47630', '47640', '47650', '55555']",Selangor
Sungai Ayer Tawar,['45100'],Selangor
Sungai Besar,['45300'],Selangor
Sungai Buloh,"['47000', '47020', '47031']",Selangor
Sungai Pelek,"['43950', '43999']",Selangor
Tanjong Karang,['45500'],Selangor
Tanjong Sepat,['42800'],Selangor
Telok Panglima Garang,"['42425', '42500', '42507', '42509']",Selangor
Ajil,"['21800', '21810', '21820']",Terengganu
Al Muktatfi Billah Shah,['23400'],Terengganu
Ayer Puteh,['24050'],Terengganu
Bukit Besi,['23200'],Terengganu
Bukit Payong,['21400'],Terengganu
Ceneh,['24060'],Terengganu
Chalok,['21450'],Terengganu
Cukai,"['24000', '24007', '24009', '24010', '24020', '24030', '24040']",Terengganu
Dungun,"['23000', '23007', '23009', '23050']",Terengganu
Jerteh,"['22000', '22010', '22020', '22030', '22040']",Terengganu
Kampung Raja,['22200'],Terengganu
Kemasek,"['24200', '24207', '24209', '24210', '24220']",Terengganu
Kerteh,['24300'],Terengganu
Ketengah Jaya,"['23300', '23345']",Terengganu
Kijal,"['24100', '24107', '24109']",Terengganu
Kuala Berang,['21700'],Terengganu
Kuala Besut,"['22300', '22307', '22309']",Terengganu
Kuala Terengganu,"['20000', '20050', '20080', '20100', '20200', '20300', '20400', '20500', '20502', '20503', '20504', '20505', '20506', '20508', '20512', '20514', '20516', '20517', '20518', '20519', '20520', '20532', '20534', '20536', '20538', '20540', '20542', '20546', '20548', '20550', '20551', '20552', '20554', '20556', '20560', '20564', '20566', '20568', '20570', '20572', '20576', '20578', '20582', '20586', '20590', '20592', '20596', '20600', '20604', '20606', '20608', '20609', '20610', '20612', '20614', '20618', '20620', '20622', '20626', '20628', '20630', '20632', '20646', '20648', '20656', '20658', '20660', '20661', '20662', '20664', '20668', '20670', '20672', '20673', '20674', '20676', '20680', '20690', '20698', '20700', '20710', '20720', '20900', '20902', '20904', '20906', '20908', '20910', '20912', '20914', '20916', '20918', '20920', '20922', '20924', '20926', '20928', '20930', '20990', '20999', '21000', '21009', '21010', '21020', '21030', '21040', '21050', '21060', '21070', '21080', '21090', '21100', '21109', '21200', '21209', '21210', '21220', '21300', '21309']",Terengganu
Marang,"['21600', '21610']",Terengganu
Paka,['23100'],Terengganu
Permaisuri,"['22100', '22107', '22109', '22110', '22120']",Terengganu
Sungai Tong,['21500'],Terengganu
Kuala Lumpur,"['50000', '50050', '50088', '50100', '50150', '50200', '50250', '50300', '50350', '50400', '50420', '50450', '50460', '50470', '50480', '50489', '50490', '50500', '50502', '50504', '50505', '50506', '50507', '50508', '50512', '50514', '50515', '50519', '50528', '50529', '50530', '50532', '50534', '50536', '50538', '50540', '50544', '50546', '50548', '50550', '50551', '50552', '50554', '50556', '50560', '50562', '50564', '50566', '50568', '50572', '50576', '50578', '50580', '50582', '50586', '50588', '50590', '50592', '50594', '50596', '50598', '50599', '50600', '50603', '50604', '50605', '50608', '50609', '50610', '50612', '50614', '50620', '50621', '50622', '50623', '50626', '50630', '50632', '50634', '50636', '50638', '50640', '50642', '50644', '50646', '50648', '50650', '50652', '50653', '50656', '50658', '50660', '50661', '50662', '50664', '50666', '50668', '50670', '50672', '50673', '50674', '50676', '50677', '50678', '50680', '50682', '50684', '50688', '50694', '50700', '50702', '50704', '50706', '50708', '50710', '50712', '50714', '50716', '50718', '50720', '50722', '50724', '50726', '50728', '50730', '50732', '50734', '50736', '50738', '50740', '50742', '50744', '50746', '50748', '50750', '50752', '50754', '50758', '50760', '50762', '50764', '50766', '50768', '50770', '50772', '50774', '50776', '50778', '50780', '50782', '50784', '50786', '50788', '50790', '50792', '50794', '50796', '50798', '50800', '50802', '50804', '50806', '50808', '50810', '50812', '50814', '50816', '50818', '50901', '50902', '50903', '50904', '50906', '50907', '50908', '50909', '50910', '50911', '50912', '50913', '50914', '50915', '50916', '50917', '50918', '50919', '50920', '50921', '50922', '50923', '50924', '50925', '50926', '50927', '50928', '50929', '50930', '50931', '50932', '50933', '50934', '50935', '50936', '50937', '50938', '50939', '50940', '50941', '50942', '50943', '50944', '50945', '50946', '50947', '50948', '50949', '50950', '50988', '50989', '50990', '51000', '51100', '51200', '51300', '51640', '51700', '51800', '51900', '51990', '52000', '52100', '52109', '52200', '52210', '52220', '53000', '53100', '53200', '53500', '53700', '53800', '53990', '54000', '54050', '54100', '54200', '54540', '55000', '55100', '55200', '55220', '55300', '55330', '55700', '55710', '55720', '55900', '55902', '55904', '55906', '55908', '55910', '55912', '55914', '55916', '55918', '55920', '55922', '55924', '55926', '55928', '55930', '55932', '55934', '55990', '56000', '56100', '57000', '57100', '57200', '57700', '57990', '58000', '58100', '58200', '58209', '58700', '58990', '59000', '59001', '59100', '59200', '59206', '59700', '59800', '59990', '60000']",Wp Kuala Lumpur
Setapak,['53300'],Wp Kuala Lumpur
